comments,time
华锋股份控制权变更落定，股票周一复牌：15元/股转让5.04%股份+表决权委托15.11%，陈运将成新实控人,11-30
002806，控制权变更！12月1日复牌,11-29
发了,11-30
[图片],11-30
华锋股份易主陈运 12月1日复牌,11-30
2.5元,11-30
转发,11-30
股权转让+表决权委托 资本老手陈运入主华锋股份 原实控人6年累计减持比例超20%|速读公告,11-29
,11-30
连续涨停喽,11-29
,11-29
[图片],11-30
出来的应去申购券商类中体基金！,11-30
转发,11-29
富通周一阳包阴，三元一角之下通吃,11-29
点赞,11-30
[图片],11-30
明日复牌！002806，实控人将变更,11-30
尖峰集团收益1.5元，主业水泥、抗癌抗肿瘤药（全国居前）,11-29
实控人拟变更为陈运，华锋股份12月1日起复牌,11-30
弱者恒弱,11-30
明天,11-29
涨停板,11-30
持股,11-28
转发,11-29
9.01元我已满仓,11-29
起亚,11-29
华锋股份：控股股东和实控人拟变更为陈运，股票将于12月1日复牌,11-28
庄股,11-29
垃圾,11-29
涨停,11-29
,11-25
转发,11-29
华锋股份:关于筹划控制权变更进展暨复牌的公告,11-28
亏十万以上的举爪爪,11-29
[微笑],11-29
一群,11-29
转发,11-29
看多。,11-29
转发,11-28
[兴奋],11-29
转发,11-29
做多,11-28
继续,11-29
必到15,11-29
,11-29
转发,11-29
明天深v,11-28
真差,11-28
看长短,11-28
华锋股份:详式权益变动报告书(陈运),11-28
明天大跌,11-29
,11-29
,11-27
转发,11-29
要跌停,11-29
拉尼娜寒冬来临，农产品食品等或中线走强。,11-28
,11-28
转发,11-28
全仓,11-28
转发,11-28
真废,11-28
华锋股份：实控人拟变更为陈运 股票12月1日起复牌,11-28
华锋股份：控股股东和实控人拟均变更为陈运 股票将于12月1日复牌,11-28
华锋股份控制权变更方案出炉 陈运拟购入16%股权并获15.11%委托表决权,11-28
华锋股份：控制权拟发生变更 12月1日起复牌,11-28
华锋股份:简式权益变动报告书(谭帼英),11-28
上图,11-28
今天进杀猪龙问题不大，明天不论涨跌不要进,11-28
垃圾,11-28
来了来了,11-28
ST泰达,11-28
奋斗者,11-28
即将退市,11-30
[赞],11-30
转发,11-29
转发,11-29
白酒科技不错哦哦,11-30
心情不爽,11-28
清了,11-30
全仓,11-30
拉比尼亚,11-30
转发,11-29
转发,11-29
转发,11-29
一天一骂,11-29
,11-29
新华网:新华网股份有限公司关于全资子公司参与投资设立中保投信思创(嘉兴)股权投资合伙企业(有限合伙)进展暨完成基金备案的公告,11-27
新华网：融资净买入575.58万元，融资余额4.86亿元（11-28）,11-29
新华网：公司在健康管理AI应用、智慧政务AI应用、内容安全与媒体AI应用等方面取得了良好成果,11-27
垃圾,11-28
还不能买,11-28
加油,11-28
千际指数-策略研究-全资产-千际指数-20201130,11-28
但愿我是,11-28
,11-28
转发,11-28
持有,11-28
转发,11-28
要涨,11-28
丁真喊你来旅游 丁真  甘孜  理塘   商界快讯,11-28
讨论来讨论去，讨论个屁！明天开盘就知道了！散户就喜欢神经病样！,11-28
一路高歌,11-27
转发,11-28
转发,11-28
客观的说，11元1毛成本的人永远不会解套。,11-27
跑了,11-28
转发,11-28
转发,11-28
垃圾,11-28
坐等两块,11-27
你会厉害的,11-28
涨停涨停,11-28
支持,11-28
我也满仓,11-28
红？,11-28
加油,11-28
空壳谁买,11-28
,11-28
会跌停吗,11-28
转发,11-28
分享转发,11-28
【做T实时跟新】45元以下买，47元以上卖，反复做T，不要贪,11-28
新华网：融资净偿还99.3万元，融资余额4.81亿元（11-27）,11-28
明天低开后面不知道,11-27
转发,11-27
[吃瓜],11-27
践可承,11-27
转发,11-27
转发,11-27
挂300卖，万一顶一把呢？,11-27
转发,11-27
下周会大涨,11-27
废了,11-27
顶了,11-27
转发,11-27
关我球事,11-27
完了,11-27
新股持股应该涨吧,11-27
转发,11-27
短线猎鹰：1129（日）分化将越来越严重，该选谁,11-26
继续加油,11-27
新股上市龙虎榜只要出现拉萨这帮搅SHI棍，这股就废了。,11-27
加油加油,11-27
合并来了？,11-28
垃基,11-30
抄底,11-30
转发,11-29
转发,11-30
我跟,11-27
路过,11-30
无言,11-29
转发,11-20
,11-29
垃圾,11-29
天理难容,11-29
转发,11-29
无语,11-29
转发,11-28
明天还要跌,11-29
国中水务：融资净偿还56.85万元，融资余额1.58亿元（11-28）,11-29
转发,11-28
抄底冲冲冲,11-28
干嘛,11-28
走势怪异,11-28
涨停在即,11-28
好渣,11-28
转发,11-28
天阴？,11-28
转发,11-28
转发,11-28
要飞了，,11-28
涨停涨停,11-28
转发,11-28
基准日,11-28
垃圾,11-28
转发,11-28
转发,11-22
转发,11-28
废物,11-28
[微笑],11-28
持有,11-28
,11-28
我是啥有,11-27
涨停,11-28
转发,11-28
垃圾只有更低,11-28
转发,11-28
服了,11-27
,11-28
,11-27
国中水务：融资净偿还159.19万元，融资余额1.59亿元（11-27）,11-28
牛逼,11-27
转发,11-27
转发,11-27
周一暴涨,11-27
[图片],11-27
垃圾,11-27
牛热乎来,11-27
蔚来在中国上市，会给中国机构做成退市，比亚迪在美国上市可能股价早上800美元,11-27
火箭,11-21
明天起飞,11-27
,11-27
转发,11-27
废了,11-27
同感,11-21
无语,11-27
重大事项未公告？,11-27
转发,11-27
转发,11-27
国中水务:关于使用部分闲置募集资金进行现金管理赎回的公告,11-24
狗熊,11-27
完蛋啦,11-27
转发,11-27
转发,11-27
继续加油,11-27
转发,11-30
再生能源补贴标准出台,11-30
关我球事,11-30
下周看好,11-30
[图片],11-29
请问中泰进入上证50以后，有多少资金会配置,11-29
明天跌停,11-30
赶紧,11-29
转发,11-29
芙蓉,11-28
大家炒股票有亏的吗,11-18
春茶预定中！,11-28
,11-28
明牌了,11-28
上图,11-28
转发,11-28
瞎炒,11-28
,11-28
消息真快,11-28
新股持股应该涨吧,11-28
转发,11-28
今天没套住算你走运明天套住直接吊在山顶上暴晒,11-28
抖音概念局部异动 省广集团一度触及涨停,09-26
加仓,11-28
第二段瀑布要开始了,11-28
不讲股德,11-28
解一下,11-28
转发,11-28
[图片],11-28
垃圾,11-28
转发,11-28
完了,11-28
,11-28
明天涨停,11-28
大盘是一个掏腰包的贼耍圈圈卖套套眼睛紧盯你小钱包,11-28
今天进杀猪龙问题不大，明天不论涨跌不要进,11-28
厉害,11-28
转发,11-28
转发,11-28
红了,11-28
日的,11-28
垃圾,11-28
转发,11-28
转发,11-28
转发,11-28
牛呀,11-28
[大笑],11-28
转发,11-28
要飞了，,11-28
5年内房价不再涨？专家再提土地改革问题，我们该怎么看？,11-28
下周收阳,11-28
其实杨光比我们更惨，投入这么大收益惨淡，不知离场没,11-28
点赞,11-28
明日开始连续涨停到八元！,11-28
快餐,11-28
磨呗,11-28
牛逼,11-28
转发,11-28
转发,11-28
其实有些人是文盲本神不怪他们，中止和终止的区别大家自己揣摩吧，哈哈哈哈,11-28
垃圾,11-28
周一出掉,11-28
转发,11-28
啊不容易,11-28
转发,11-28
先定个小目标，就想看看二位数股价的山推,11-28
其实杨光比我们更惨，投入这么大收益惨淡，不知离场没,11-28
,11-28
转发,11-28
垃圾,11-28
Ok,11-28
,11-28
加油,11-28
[图片],11-04
但愿我是,11-28
转发,11-28
去年得的积分，是不是马上要清零了？,11-30
珍宝岛：融资净买入1473.22万元，融资余额3.14亿元（11-28）,11-29
垃圾,11-29
珍宝岛:黑龙江珍宝岛药业股份有限公司关于控股股东非公开发行可交换公司债券换股价格调整的提示性公告,11-28
酒是害人之物，应该关了,11-28
转发,11-28
转发,11-28
[鼓掌],11-10
发射,11-28
开拉,11-28
转发,11-28
抄底,11-28
转发,11-28
转发,11-28
失血,11-28
珍宝岛：融资净偿还229.41万元，融资余额2.99亿元（11-27）,11-28
赔了,11-27
[图片],11-27
转发,11-27
流感概念股走强 多家上市公司回应“抗流感”产品情况,11-25
明日微涨,11-27
转发,11-27
建议：得润电子汽车配件全，自己做新能源汽车吧,11-27
刚看到利空,11-27
转发,11-27
丁真喊你来旅游 丁真  甘孜  理塘   商界快讯,11-27
你以为你是正妹吗？只是你以为而已,11-27
转发,11-27
[图片],11-27
转发,11-27
[图片],11-27
做多,11-27
,11-27
,11-27
珍宝岛：融资净买入1057.27万元，融资余额3.01亿元（11-26）,11-27
珍宝岛:黑龙江珍宝岛药业股份有限公司关于续聘会计师事务所的公告,11-25
转发,11-24
狼多肉少！晚上涨停板排队抢了！,11-26
,11-26
我等,11-26
转发,11-26
,11-26
什么持有,11-26
正常来说应该有二个涨停，25元以上应该没问题,11-26
什么持有,11-26
转发,11-25
月底3元,11-21
转发,11-26
[傲],11-26
珍宝岛：融资净偿还65.57万元，融资余额2.91亿元（11-25）,11-26
第18道菜补图,11-26
珍宝岛:黑龙江珍宝岛药业股份有限公司第五届董事会第二十八次会议决议公告,11-25
转发,11-25
上车机会,11-25
珍宝岛:黑龙江珍宝岛药业股份有限公司关于召开2025年第三次临时股东会的通知,11-25
转发,11-25
恶心,11-25
转发,11-21
,11-22
要跌停,11-24
继续涨停,11-24
炒你,11-25
600226前天拍卖就是质压方拍的，质压的5个亿，4.27亿拍回云的。OP如果也,11-25
滚吧,11-25
宇宙行突然暴涨5.89%，银行股到底有没有投资价值？,11-25
公告：明天高开涨停。,11-25
千际指数-策略研究-全资产-千际指数-20201130,11-25
好搓,11-25
科技股要上升了，相信天箭科技后续走出新高！！,11-25
牛热乎来,11-25
瓶盖,11-16
,11-09
转发,10-29
转发,10-26
,10-09
大家炒股票有亏的吗,09-11
快逃,09-16
转发,08-13
障眼法？,05-15
转发,04-17
抄底,04-16
转发,04-01
久盘必跌,03-10
路过,03-10
,12-25
明天,02-13
转发,02-12
27.82  加油!,01-10
转发,01-14
做不得了！创业板10月下旬上市的新股大都在走新低,01-08
,01-02
转发,01-02
反弹,01-02
转发,12-30
转发,12-25
转发,12-24
转发,12-24
转发,12-13
转发,12-13
无情,12-13
转发,12-13
转发,12-13
障眼法？,11-11
转发,11-09
转发,11-08
有问题,11-06
[图片],02-06
下周收阳,04-20
转发,09-13
利好,12-28
请问中泰进入上证50以后，有多少资金会配置,12-12
建议：得润电子汽车配件全，自己做新能源汽车吧,12-09
家里图是超级大牛股，连续涨停再涨停再涨停再涨停,12-07
跌停板了,12-02
我去,12-02
中芯国际无须再有任何顾虑，放开手脚，中国不管哪个行业有需要，一律供货。,09-02
转发,04-25
主力跑了,07-05
基金代码：010551，知行合一践行价值投资，构建高鲁棒性投,08-03
转发,04-14
[图片],04-20
转发,04-17
分享！！,04-17
牛逼,10-08
社区概念连香飘飘都涨停了，明天看仲景的,09-29
合约2012谁在砸盘，开盘砸近跌停,11-19
来啦,11-17
市值吊打格力电器，究竟是美的集团高估了？还是格力电器低估了？,02-19
牛逼,06-29
,05-13
鸭蛋,05-21
转发,03-09
垃圾,07-21
今天涨停,07-22
像牛头,06-23
转发,06-06
转发,04-15
转发,03-28
转发,03-19
转发,03-11
帅丰下周要涨了,03-11
都是牛股,03-11
分享,03-11
,03-09
,03-09
,03-09
转发,02-23
调整到70元-80元附近 再参与,12-31
绿毛,11-29
金太阳:关于东莞金太阳研磨股份有限公司2025年第五次临时股东大会的法律意见书,11-28
金太阳:2025年第五次临时股东大会决议公告,11-28
,11-28
,11-28
转发,11-28
转发,11-28
金太阳：将于2025年11月28日召开2025年第五次临时股东大会,11-27
,11-27
您配吗？,11-27
,11-26
往死跌,11-26
金太阳：公司及子公司未向深圳市新凯来技术有限公司供货,11-26
金太阳：公司将持续深耕主营业务，积极拓展市场与客户,11-26
拉比西埃,11-26
转发,11-26
5元就是高点，继续下跌。,11-26
转发,11-25
金太阳:关于召开2025年第五次临时股东大会的提示性公告,11-25
转发,11-25
转发,11-25
[图片],11-25
转发,11-24
转发,11-21
,11-24
春茶预定中！,11-24
起飞,11-24
啊不容易,11-24
牛逼,11-23
转发,11-21
转发,11-21
,11-21
失血,11-21
牛逼,11-21
周一大盘要倒,11-21
同问,11-21
干货,11-21
,11-21
强平,11-20
转发,11-20
鸡肋,11-20
伎俩,11-20
20见,11-20
【创金合信医疗保健】业绩播报（11.30）,11-20
转发,11-19
上周资金净流入指标向好个股数据跟踪（2020.11.30）,11-19
金太阳:关于收到发明专利证书的公告,11-19
金太阳：关于收到发明专利证书的公告,11-19
转发,11-19
,11-19
农夫阳泉,11-19
下周看好,11-19
熔断,11-19
退市鲁发,11-19
其实杨光比我们更惨，投入这么大收益惨淡，不知离场没,11-19
大家买基金会认真研究不？,11-19
转发,11-19
偷吃,11-18
去申购券商主题基金没问题~~,11-18
人气第901名,11-18
熊了,11-18
怎么说,11-18
深刻,11-17
一坨,11-17
价格31.81元  赶紧现在下单！,11-17
转发,11-17
完蛋货，财务造假,11-17
骗炮,11-17
转发,11-14
转发,11-16
金太阳:关于公司为全资子公司申请授信额度提供担保的进展公告,11-14
转发,11-13
“算力双雄”高增长！还有这些票公布靓丽三季报(附股),10-16
12家公司公布三季报 1家业绩增幅翻倍,10-15
最近～～,11-30
绿啊,11-29
买房的不是,11-28
狂野,11-29
其实月线是有上涨趋势的,11-27
跌到7-80元的时候看能不能趋稳再说,11-28
周胜男,11-28
不出意外，山推年内股价就是月份数,11-28
炒你,11-28
错位,11-28
转发,11-28
转发,11-28
转发,11-28
转发,11-28
金岭矿业：融资净偿还85.07万元，融资余额1.72亿元（11-27）,11-28
转发,11-27
优质股,11-27
炒你,11-27
转发,11-27
嗮单,11-27
转发,11-27
金岭矿业：融资净偿还198.89万元，融资余额1.73亿元（11-26）,11-27
,11-26
周一要高开，已经买入了哈哈,11-26
转发,11-26
转发,11-26
这票长年公司市值爆跌不见了几千个亿每股净资产值业爆贬60%，王晓初怎么看？,11-26
转发,11-26
转发,11-26
路过,11-26
金岭矿业：连续3日融资净买入累计959.41万元（11-25）,11-26
金岭矿业：截至11月20日股东人数35682户,11-25
周一保跌,11-25
开多,11-25
[鼓掌],11-25
转发,11-25
明天跌停,11-25
"这股近期见两条阴线相连后,一般出现升旗线企稳、上涨!",11-25
金岭矿业：融资净买入211.06万元，融资余额1.7亿元（11-24）,11-25
,11-25
转发,11-24
垃圾,11-24
二波,11-24
金岭矿业最新股东户数环比下降8.44%,11-24
预计尖峰年底：10送转10股,11-24
金岭矿业：融资净买入298.8万元，融资余额1.68亿元（11-21）,11-24
转发,11-24
3-4块,11-23
加油呀！,11-21
金岭矿业:关于2026年度日常关联交易预计的公告,11-21
金岭矿业:关于召开2025年第三次临时股东会的通知,11-21
金岭矿业:第十届董事会独立董事专门会议第六次会议审核意见,11-21
金岭矿业:第十届董事会第十二次会议(临时)决议公告,11-21
不要上当,11-21
再生能源补贴标准出台,11-21
像牛头,11-21
,11-21
好热闹,11-21
转发,11-11
转发,11-21
专家建议,11-21
菜鸡,11-21
持有,11-21
转发,11-21
转发,11-21
,11-21
发了,11-21
转发,11-21
转发,11-21
加仓,11-21
一路减持一路上涨,11-21
转发,11-21
转发,11-21
ST景谷：聘任陈旭滢为公司董事会秘书，赵龙天娇为公司财务总监,11-28
好垃圾,11-28
业绩承诺期内即筹划处置汇银木业 ST景谷遭问询,11-29
ST景谷:关于变更董事会秘书及财务总监的公告,11-28
涨停,11-28
转发,11-28
加仓,11-28
双头,11-28
恶魔,11-28
静等风来,11-27
转发,11-27
第二段瀑布要开始了,11-19
ST景谷:收到上海证券交易所《关于对云南景谷林业股份有限公司重大资产重组草案的信息披露的问询函》的公告,11-25
[赞],11-26
转发,11-26
给点赞,11-15
ST景谷重大资产重组草案被问询：业绩承诺期内即筹划重大资产出售，要求补充说明前期收购是否审慎,11-26
ST景谷收上交所问询函：汇银木业收购不久即业绩变脸，前期收购、业绩预测是否审慎？尽调是否充分？,11-26
ST景谷：拟收购标的业绩变脸 业绩承诺期内甩卖是否审慎遭问询,11-26
,11-26
转发,11-25
转发,11-25
拟转让汇银木业51%股权，ST景谷收问询函,11-25
路过,11-25
ST景谷:关于对云南景谷林业股份有限公司重大资产出售草案的问询函,11-25
转发,11-24
转发,11-25
障眼法？,11-25
退市吧,11-24
,11-24
正了,11-24
"小盘证券股入上证50,肯定要爆涨。。",11-24
帅丰下周要涨了,11-24
[图片],11-21
在劫难逃,11-20
绿啊,11-21
,11-20
久盘必跌,11-20
一成仓位,11-21
转发,11-19
"完蛋,完蛋,完蛋...",11-18
尾盘挂5万多手卖单啥意思求大神指点,11-18
20见,11-18
尾盘有点抢筹的意思，明天高开有戏，低开就割肉了,11-18
,11-18
1.1见,11-18
近20家A股上市公司本周披露并购重组最新公告 和顺石油拟跨界收购奎芯科技控制权,11-16
下跌的有点意外啊,11-18
孙子,11-18
转发,11-18
来了,11-17
建议：得润电子汽车配件全，自己做新能源汽车吧,11-17
倒T,11-17
同感,11-17
怎么还没扣款,11-17
转发,11-17
转发,11-17
转发,11-17
转发,11-16
转发,11-15
绿啊,11-16
15元见,11-15
退市鲁发,11-15
转发,11-14
ST景谷:云南景谷林业股份有限公司重大资产出售暨关联交易报告书(草案)摘要,11-14
ST景谷：拟1.33亿元转让汇银木业51%股权,11-14
转发,11-14
教授,11-14
[图片],11-14
ST景谷:华创证券有限责任公司关于云南景谷林业股份有限公司重大资产出售暨关联交易符合《关于加强证券公司在投资银行类业务中聘请第三方等廉洁从业风险防控的意见》的,11-14
ST景谷:华创证券有限责任公司关于云南景谷林业股份有限公司本次重大资产重组前业绩异常或本次重组存在拟置出资产情形的专项核查意见,11-14
ST景谷:第九届董事会2025年第八次临时会议决议公告,11-14
ST景谷:云南景谷林业股份有限公司董事会关于评估机构的独立性、评估假设前提的合理性、评估方法与评估目的的相关性以及评估定价的公允性的说明,11-14
ST景谷:云南景谷林业股份有限公司拟转让股权涉及唐县汇银木业有限公司51%股权价值资产评估报告,11-14
ST景谷:云南景谷林业股份有限公司董事会关于本次交易相关主体不存在《上市公司监管指引第7号—上市公司重大资产重组相关股票异常交易监管》第十二条和其他相关规定情,11-14
牛逼,11-16
转发,11-16
转发,11-16
,11-09
研究所0.19551134369327194,10-26
错位,10-14
转发,10-10
转发,10-10
垃圾,09-08
转发,08-23
金科股份已经在每个县城都有项目了！,06-25
涨停板,08-04
严重高估,05-18
转发,11-25
转发,11-01
,06-22
转发,03-28
预计：10送转10股,04-10
转发,02-21
怎么还没扣款,01-01
,04-17
转发,02-04
想多了，肚痛,02-07
,08-30
高开红盘,01-30
转发,01-29
追高了,11-28
优质股,12-31
我去,01-07
转发,07-01
牛逼,04-26
为了清楚去掉均线，画个圈,09-04
严重高估,07-16
今天表现不错，做了个大的差价,01-01
破鸡,03-05
加油呀！,11-11
是否全渠道销售？,05-17
5元,05-17
不讲股德,05-17
顶住,05-16
牛逼,05-16
[图片],05-15
转发,05-07
转发,05-07
炒！,06-30
转发,07-03
转发,07-13
转发,06-12
怕啥,07-09
途牛股份是给凯撒集团不是凯撒旅业吧，集团赚钱了，利润又没旅业的份,07-11
耗子尾汁,12-03
转发点赞,06-30
买入,06-17
转发,05-15
跌停,06-19
垃圾,07-09
转发,05-12
庄股而已,06-02
月线收小阳喳个啥。,05-16
突发，闪存封测,07-05
,07-06
骗炮,06-12
,11-16
明天,07-03
宇宙行突然暴涨5.89%，银行股到底有没有投资价值？,07-03
[图片],06-07
转发,06-12
一直拉升,06-24
垃圾,05-14
[图片],06-11
么时停盘,06-12
转发,11-13
踩雷了,06-08
继续,06-22
[鼓掌],07-01
[图片],05-20
：‘,06-26
,07-09
转发,07-05
被央视点名了  明天是往上还是下跌,11-29
,11-30
支持,11-30
坐等22,11-29
转发,11-28
垃圾,11-28
各类资金持续增仓,11-29
狂野,11-24
天翔退,11-28
月线收小阳喳个啥。,11-27
垃圾,11-21
历史大底,11-28
下周继续5个一字涨停，短期目标45元，长期目标266元,11-27
转发,11-27
转发,11-28
今天表现不错，做了个大的差价,11-20
转发,11-28
转发,11-28
转发,11-28
[赞],10-31
,11-28
已经熘了,11-28
毛线,11-27
真差,11-27
转发,11-27
,11-27
转发,11-27
资金净流入1127,11-27
怎么办,11-27
[图片],11-27
就等20,11-27
大家炒股票有亏的吗,11-25
[图片],11-27
尖峰集团收益1.5元，主业水泥、抗癌抗肿瘤药（全国居前）,11-27
发个持仓，哈哈,11-27
可以涨了,11-27
我命有我,11-27
做空,11-27
周五筹码分布85以下占五成,11-27
快跑,11-27
2.5元,11-27
转发,11-26
转发,11-27
转发,11-27
转发,11-26
转发,11-26
让各位到死都弄不明白该股为什么不涨，幻想有希望，然亦,11-26
周一涨停,11-26
绿了,11-26
干嘛,11-26
转发,11-26
飞吧,11-26
转发,11-26
,11-26
割广昌？,11-26
转发,11-26
牛逼,11-26
,11-26
转发,11-26
离谱,11-26
学习,11-26
获利盘为零,11-26
够狠,11-26
跌停8元，就进一万股……,11-26
如果和尚黑庄继续打压，不管是长线，中线，断线，或者每日高抛低吸，都是非常安全标的,11-26
转发,11-24
转发,11-25
转发,11-25
可以涨了,11-25
福能东方股东户数增加6.42%，户均持股7.55万元,11-25
转发,11-25
40要不要破一下？,11-25
垃圾,11-25
【倒计时7天】用业绩说话的实力“固收+”,11-25
转发,11-25
研究所0.1924330069616158,11-25
主营收入都没了，明年更惨,11-25
白酒科技不错哦哦,09-23
转发,10-29
,10-10
市值,09-24
转发,08-24
[图片],06-30
转发,09-16
,07-25
同感,08-23
转发,07-31
一只,05-01
吐了,07-10
转发,07-07
买房首付！,07-01
养精蓄锐,06-30
[图片],06-30
转发,06-28
转发,06-28
杀猪盘,06-22
转发,06-04
转发,05-17
转发,04-29
转发,04-05
转发,04-26
满舱,04-19
转发,04-16
,04-08
转发,04-06
,03-21
什么持有,04-01
,03-23
转发,01-01
一个多月前的减持公告又置上顶 看来要连续涨停了……,01-19
第18道菜补图,01-09
消息真实,12-26
慢慢养,12-24
仁东再现,11-28
,10-17
废了,10-31
,08-29
反弹,11-05
转发,10-03
你以为你是正妹吗？只是你以为而已,10-12
价格31.81元  赶紧现在下单！,10-10
明天敢低开就加仓,09-30
相信腾达,08-15
大家别忘了，刘总的3%还是在12月减持,09-29
优质股,09-27
没人气呀,07-28
,07-03
转发,07-19
第18道菜补图,07-22
转发,07-21
炸了,08-16
飞吧,09-01
金融带动大盘跳水后的走势分析，及近期仍值得重点分析的4个机会,09-01
有问题,08-28
无语,08-27
今天表现不错，做了个大的差价,08-24
奔桑,08-15
沙发,08-21
转发,08-24
明天跌停,08-21
人气挺高,07-16
锤子,07-16
年报“难产” 七家公司同日被证监会立案,05-09
深夜突发！证监会出手 8家A股被立案！,05-08
七家上市公司年报“难产”：停牌期将满均无进展、*ST三盛、*ST越博已明确退市,07-01
转发,07-25
海量财经｜南京越博将退市：今年10余名董事、高管辞职 最短的在任仅10天,07-21
转发,07-26
越博退:关于公司股票终止上市暨摘牌的公告,07-21
连续大跌，都跑完了,07-23
转发,07-09
明天涨停,11-30
[图片],11-30
途牛股份是给凯撒集团不是凯撒旅业吧，集团赚钱了，利润又没旅业的份,11-28
转发,11-28
转发,11-28
,11-28
转发,11-27
五连板,11-28
我今天满仓了。,11-26
汉森制药：融资净买入319.72万元，融资余额1.4亿元（11-27）,11-28
小心,11-27
转发,11-27
转发,11-27
汉森制药：融资净偿还303.37万元，融资余额1.37亿元（11-26）,11-27
坏人,11-26
还有低点,11-26
,11-26
一起拉升,11-26
第18道菜补图,11-26
学习,11-26
汉森制药：融资净买入404.17万元，融资余额1.4亿元（11-25）,11-26
汽车依然是中长线机会,11-25
汉森制药：中药新药苁蓉颗粒正处于工艺中试放大研究阶段,11-25
汉森制药：截至2025年10月31日公司含信用账户合并股东名册的股东总数为23941户,11-25
这票长年公司市值爆跌不见了几千个亿每股净资产值业爆贬60%，王晓初怎么看？,11-25
转发,11-25
明天涨停,11-24
等调整,11-25
600853 低价 转2股 除权日3号,11-25
越跌越买！,11-25
汉森制药：连续3日融资净偿还累计151.3万元（11-24）,11-25
,11-24
重大事项未公告？,11-24
汉森制药：截至2025年10月31日，公司股东总数为23941户,11-24
转发,11-12
[图片],11-24
被套在13.7元，有多少比我高的？,11-24
菜鸡,11-24
600853 低价 转2股 除权日3号,11-24
放量大跌，看来还要跌！,11-24
做图狂魔,11-24
看好中期,11-23
汉森制药：融资净偿还2.25万元，融资余额1.37亿元（11-21）,11-24
刚看到利空,11-20
害群之马,11-17
垃圾,11-20
看好中期,11-20
汉森制药：融资净偿还55.34万元，融资余额1.37亿元（11-20）,11-21
转发,11-20
汉森制药：融资净买入90.37万元，融资余额1.38亿元（11-19）,11-20
转发,11-19
[大笑],11-19
转发,11-19
汉森制药：融资净偿还436.16万元，融资余额1.37亿元（11-18）,11-19
,11-18
汉森制药：融资净买入353.51万元，融资余额1.41亿元（11-17）,11-18
汉森制药：关于取得换发《药品生产许可证》的公告,11-17
汉森制药：公司取得换发的药品生产许可证,11-17
汉森制药获新药品生产许可证 有效期至2030年11月,11-17
汉森制药:关于取得换发《药品生产许可证》的公告,11-17
转发,11-17
转发,11-17
可以高看,11-17
什么持有,11-17
转发,11-16
优秀,11-17
汉森制药：连续5日融资净偿还累计1869.97万元（11-14）,11-17
完了,11-16
利好,11-16
坑晕,11-16
坐等4元,11-15
还要跌,11-15
汉森制药：公司有治疗感冒的相关产品,11-14
转发,11-14
为了清楚去掉均线，画个圈,11-14
转发,11-30
,11-30
明天能不能来个涨停？,11-30
卖废了,11-28
我说的,11-28
发财了,11-30
转发,11-30
明日涨停,11-29
乏力,11-29
,11-28
转发,11-29
转发,11-29
完了，大股东没钱了，用股票作质押。,11-28
转发,11-25
转发,11-29
转发,11-28
周一暴涨,11-28
日的,11-25
11元,11-25
已经熘了,11-28
就问一句：如果你是操盘手一帮人在股吧里喊200.300，你怎么操作？,11-28
日的,11-28
转发,11-28
转发,11-28
转发,11-28
完蛋啦,11-28
金正5,11-28
银行走势恶劣，高标龙头切换-股市嘚吧嘚-20201130,11-28
转发,11-28
澳洋退,11-28
万孚生物：连续3日融资净买入累计631万元（11-27）,11-28
转发,11-27
一坨,11-27
转发,11-27
震荡,11-27
：‘,11-27
明天跌停,11-27
转发,11-27
转发,11-27
高开低走,11-27
转发,11-27
,11-27
等雷噼,11-27
明天可以地板上吃九菜的筹码了，舒服,11-27
转发,11-27
尖峰集团收益1.5元，主业水泥、抗癌抗肿瘤药（全国居前）,11-27
千际指数-策略研究-全资产-千际指数-20201130,11-27
快退市了,11-27
江特,11-27
转发,11-27
重大事项未公告？,11-27
牛热乎来,11-26
,11-19
万孚生物：融资净买入223.6万元，融资余额4.81亿元（11-26）,11-27
周一必跌,11-27
转发,11-26
转发,11-26
请问今天16：00买算哪天的？,11-26
铁涨价了,11-26
尖峰集团：参股天士力控股,11-26
转发,11-26
这垃圾有没有三板的子公司？,11-26
一群,11-26
在来个涨停板吧,11-26
周五是不是有主力机构入场了，,11-26
茅台不是妖股因为喝茅台酒的人多且高贵买茅台的人更多为送礼,11-26
转发,11-26
不是还要同时发行港股吗，怎么不发了？,11-26
但愿我是,11-26
公告呢？,11-26
,11-26
万孚生物：融资净买入808元，融资余额4.79亿元（11-25）,11-26
,11-25
转发,11-25
万孚生物:关于回购公司股份实施结果暨股份变动公告,11-24
转发,11-25
,11-29
转发,11-29
中国兵器工业集团换帅完成工商变更,08-29
明天会大涨,11-28
买房的不是,11-27
这票长年公司市值爆跌不见了几千个亿每股净资产值业爆贬60%，王晓初怎么看？,11-27
转发,11-25
下周会大涨,11-27
许耗,11-26
拖后腿,11-26
完了，大股东没钱了，用股票作质押。,11-26
转发,11-25
会再次蹦塌到6.7元,11-19
蔚来在中国上市，会给中国机构做成退市，比亚迪在美国上市可能股价早上800美元,11-25
转发,11-24
还是没到心里价位，继续等待。,11-20
强平,11-21
越跌越买！,11-22
涨停,11-21
转发,11-19
一路高歌,11-19
长春一东:长春一东关于获得政府补助的公告,11-18
拿好，冲,11-19
转发,11-18
长春一东：获得政府补助,11-18
长春一东：获得政府补助172.94万元,11-18
抄底冲冲冲,11-18
长春一东获政府补助173万元 影响归母净利润74.5%,11-18
[傲],11-18
今天洗盘洗的干干净净了，拉升比较方便。,11-18
够狠,11-15
长春一东:投资者关系活动记录表1112,11-12
转发,11-17
转发,11-16
转发,11-16
[图片],11-15
为了增发，压低股价。监守自盗，情景恶劣。取消非增,11-14
明天熄火,11-14
买房首付！,11-14
转发,11-14
转发,11-13
转发,11-13
好票,11-13
下周看涨,11-13
做不得了！创业板10月下旬上市的新股大都在走新低,11-12
转发,11-12
写的好好,11-12
周五筹码分布85以下占五成,11-12
如果和尚黑庄继续打压，不管是长线，中线，断线，或者每日高抛低吸，都是非常安全标的,11-07
转发,11-11
长春一东：选举杨明杰为职工董事,11-10
长春一东:长春一东关于选举职工董事的公告,11-10
,11-07
垃基,11-06
垃圾果农不改名字了？,11-06
今天没套住算你走运明天套住直接吊在山顶上暴晒,11-06
转发,11-06
长春一东:长春一东离合器股份有限公司投资者关系活动记录表1104,11-04
吃面,11-04
踩雷了,11-04
转发,09-27
转发,11-04
转发,11-03
转发,10-31
好基,10-31
转发,10-30
深刻,10-30
明日微涨,10-30
[赞],10-30
我今天满仓它了，大家说会不会出事情？,10-30
长春一东：2025年前三季度盈利817.13万元 同比扭亏,10-29
,10-29
长春一东第三季度扭亏为盈，归母净利润达505万元,10-29
垃圾,10-29
利好出尽,10-29
加油呀！,10-29
长春一东股东户数增加12.06%，户均持股15.12万元,10-29
[图片],11-30
哎，,11-30
没希望了,11-30
机会来啦,11-29
,11-30
惨呀,11-30
转发,11-30
明天,11-30
20股本月录得翻倍行情 电力设备股数量最多 这些标的获融资客加仓,11-30
摩恩电气:股票交易严重异常波动暨风险提示公告,11-13
,11-28
[图片],11-30
牛逼,11-30
养精蓄锐,11-27
转发,11-29
,11-29
27.5以下有希望，高了就只能来年咯,11-29
逃出来的去申购券商类中体基金！,11-29
转发,11-29
转发,11-29
心情不爽,11-29
转发,11-29
转发,11-29
支持,11-29
大盘是一个掏腰包的贼耍圈圈卖套套眼睛紧盯你小钱包,11-29
这种公司应该自己造车,11-29
总龙头,11-29
转发,11-29
获利盘为零,11-29
600853 低价 转2股 除权日3号,11-29
转发,11-29
[图片],11-29
转发,11-29
转发,11-28
错位,11-29
分红,11-29
转发,11-29
伤心,11-28
摩恩电气:关于签订《商标使用许可协议》暨关联交易的公告,11-27
转发,11-28
喷子的狗嘴,11-28
中镖了！,11-28
么时停盘,11-28
转发,11-28
这票长年公司市值爆跌不见了几千个亿每股净资产值业爆贬60%，王晓初怎么看？,11-27
转发,11-28
仁东再现,11-28
转发,11-28
无量反弹，回避,11-28
垃圾果农不改名字了？,11-28
上周资金净流入指标向好个股数据跟踪（2020.11.30）,11-28
47再进,11-28
看看吧。,11-28
,11-28
明天起飞,11-28
哟呵,11-28
重大事项未公告？,11-28
涨到7块,11-28
加仓,11-28
转发,11-28
转发,11-28
退市白酒第一股,11-28
转发,11-28
2.5元,11-28
能见新低不,11-28
伟大,11-28
底部放量了，还涨停，不错哦。有一波了，明天接入。,11-28
够狠,11-28
转发,11-28
转发,11-28
垃圾,11-28
转发,11-28
冲鸭,11-28
转发,11-28
收盘竞价居然成交1600万股，啥意思？,11-29
沃华医药:2025年第四次临时股东会决议公告,11-28
沃华医药:关于沃华医药2025年第四次临时股东会的法律意见书,11-28
转发,11-28
[图片],11-28
转发,11-27
垃圾股,11-27
转发,11-26
沃华医药：将于2025年11月28日召开2025年第四次临时股东大会,11-27
,11-26
[鼓掌],11-26
转发,11-26
[赞],11-25
沃华医药联手宜从容推动参枝苓口服液应用于阿尔茨海默病防治,11-19
农夫阳泉,11-24
转发,11-21
希望天天基金增加积分兑换品种呀？,11-21
[图片],11-20
转发,11-20
失血,11-19
转发,11-19
明天熄火,11-19
转发,11-18
沃华医药携手宜从容共推参枝苓口服液 打造阿尔茨海默病防治新方案,11-18
沃华医药与宜从容达成战略合作，推动参枝苓口服液在阿尔茨海默病防治领域应用,11-18
内幕交易,11-17
研究所0.19551134369327194,11-17
,11-17
转发,11-16
一直拉升,11-16
转发,11-16
11月4日晚间重要公告集锦,11-04
建议：得润电子汽车配件全，自己做新能源汽车吧,11-15
买就是的,11-14
外资,11-14
转发,11-13
[大笑],11-13
涨停,11-13
嘉兴来了,11-13
顶了,11-12
沃华医药:山东沃华医药科技股份有限公司关于召开2025年第四次临时股东会的通知,11-12
沃华医药:关于拟变更会计师事务所的公告,11-12
沃华医药:第八届董事会第六次(临时)会议决议公告,11-12
转发,11-12
“中国巴菲特”15年离婚纠纷落幕，陆娟：将积极行使股东权利,11-11
A股中成药龙头“天价”离婚案落幕：沃华医药5.4亿元分手费换“无主”，179％净利暴增难掩研发硬伤,11-11
国企,11-11
中药、CXO等细分领域表现亮眼 医药生物企业三季度成绩单看点十足,10-24
,11-11
转发,11-11
就问一句：如果你是操盘手一帮人在股吧里喊200.300，你怎么操作？,11-07
,11-10
收藏,11-10
“中国巴菲特”离婚 “分手费”5.36亿元！夫妻两人都是中国第一批股民,11-07
转发,11-09
转发,11-08
饱满！,11-07
百济神州预计2025年营收362亿元至381亿元；科兴制药递交港股上市申请｜医药早参,11-07
马斯克赢了！1万亿美元薪酬计划获批；纳指跌超400点 微软七连跌；“分手费”5.36亿元！A股富豪夫妻离婚丨每经早参,11-07
离婚案致沃华医药实控人变更 公司销售费用仍然高企,11-06
转发,11-06
,11-06
,11-06
沃华医药董事长15年离婚纠纷落幕，前妻分走一半股权，曾被称为“中国巴菲特”,11-05
转发,11-06
明天跌停,11-06
十个涨停,11-06
,11-06
[鼓掌],11-06
转发,11-06
真差,11-06
坐等4元,11-05
转发,11-30
转发,11-30
12月至明年1月底，猪价不上35是不可能的，算算天邦12月至明年1月是全年出栏顶峰，12月冲刺利润4至5亿。,11-30
主力快看,11-30
抛了,11-30
转发,11-28
好票,11-30
转发,11-30
还能好吗,11-30
转发,11-30
,11-23
39见,11-29
无语,11-29
[图片],11-21
转发,11-28
周一很关键   不收11.11尾盘就卖,11-28
明天涨停,11-28
转发,11-28
诱多,11-28
47再进,11-28
还能好吗,11-28
转发,11-28
穷猪,11-28
割广昌？,11-28
这垃圾有没有三板的子公司？,11-28
,11-28
[傲],11-28
等调整,11-28
转发,11-28
绿帽王,11-28
其实月线是有上涨趋势的,11-28
涨停,11-28
转发,11-28
绿啊,11-28
27.5以下有希望，高了就只能来年咯,11-28
转发,11-28
转发,11-28
转发,11-28
,11-28
害群之马,11-28
转发,11-28
,11-28
,11-28
怎么办,11-28
耍嘛,11-28
转发,11-28
转发,11-28
转发,11-28
[图片],11-28
,11-28
转发,11-28
[图片],11-28
暴雷了，周一跌停，，，，,11-28
利好,11-28
明日开始连续涨停到八元！,11-28
40要不要破一下？,11-28
转发,11-28
我跟,11-28
毛线,11-28
转发,11-28
放量大跌，看来还要跌！,11-27
转发,11-28
,11-28
转发,11-28
涨停,11-28
转发,11-28
转发,11-28
,11-28
恶股,11-28
江苏国信：融资净买入135.84万元，融资余额3.35亿元（11-27）,11-28
广东18跟14结婚令人震惊 我发现家里太穷父母引导不到位,11-28
,11-28
转发,11-28
看长短,11-27
转发,11-27
很牛,11-27
国企,11-27
推荐,11-27
转发,11-30
是的,11-30
一成仓位,11-30
恶魔,11-30
,11-28
退市吧,11-29
大连港是真垃圾股,11-28
这？,11-29
说的正确,11-29
明天给你个意外,11-29
Ok,11-29
学习,11-29
转发,11-28
六个雷,11-28
转发,11-28
明天跌停,11-28
害群之马,11-28
转发,11-28
转发,11-28
转发,11-28
[哭],11-28
,11-28
,11-28
你是谁啊，是徐翔吗，泽公司吗，可笑？,11-28
相信宁总,11-28
,11-27
,11-28
惨呀,11-28
,11-28
转发,11-28
,11-27
学习,11-28
每股净资产12.4元，三季收益1.5元3.44亿盘，23年股本末扩张,11-28
转发,11-28
套人玩意垃圾,11-28
转发,11-28
[图片],11-27
明天大跌,11-28
该跌停时就跌停啊，风风火火跌停板啊,11-28
100倍,11-28
我等,11-28
蔚来在中国上市，会给中国机构做成退市，比亚迪在美国上市可能股价早上800美元,11-28
圣阳股份：融资净偿还24.32万元，融资余额2.98亿元（11-27）,11-28
[鼓掌],11-27
一路长红,11-27
要起飞了  恒驰下厂,11-27
转发,11-27
[图片],11-21
[微笑],11-27
转发,11-27
利空出尽,11-27
,11-27
国企,11-27
打卡,11-27
垃圾,11-27
按照缠论，月线看，第一阻力93，第二阻力135元,11-27
毛线,11-27
转发,11-27
继续跌停,11-27
调整到70元-80元附近 再参与,11-27
圣阳股份：聘任常务副总经理,11-26
27.82  加油!,11-27
转发,11-27
转发,11-27
完了,11-27
卖废了,11-27
,11-27
圣阳股份：融资净买入263.57万元，融资余额2.98亿元（11-26）,11-27
圣阳股份：公司自主研发的固态电池已顺利完成安全验证及循环稳定性测试，性能指标良好,11-26
跌停,11-26
转发,11-26
天箭牛，看好明天,11-26
金科股份已经在每个县城都有项目了！,11-26
转发,11-26
完了,11-26
不值,11-28
错位,11-29
转发,11-28
转发,11-28
我也说说,11-28
都是注册几天的号在唱？呵呵请继续,11-28
,11-28
,11-28
周一中阴,11-28
没人气呀,11-28
日啊,11-28
加仑,11-28
好搓,11-28
转发,11-27
众捷汽车：融资净买入24.05万元，融资余额6152.01万元（11-27）,11-28
众捷汽车:众捷汽车关于参加2025苏州上市公司投资者集体接待日活动的公告,11-27
周一跌停,11-27
优秀,11-27
越跌越买！,11-27
众捷汽车：截至11月20日股东户数10428户,11-27
要涨,11-27
还不能买,11-27
收盘,11-27
哈哈哈，黑粉被本神打脸了没。继续叫啊,11-27
垃圾,11-27
还是会跌,11-27
众捷汽车最新筹码趋于集中,11-26
电力板块有很多低价低估值品种有待挖掘！,11-27
转发,11-27
航宇科技第二轮问询今天更新了，上会快了，大家要有信心。,11-27
跌多点再买,11-26
我账户里有10个370398，我是不是要交钱呢，是自动扣款吗，不用作吧,11-27
,11-27
无语,11-27
金科股份已经在每个县城都有项目了！,11-27
明天股票要冲高,11-27
众捷汽车：连续5日融资净偿还累计1295.35万元（11-26）,11-27
转发,11-27
[微笑],11-27
[傲],11-26
周一涨停,11-26
明天涨停,11-26
哎，,11-26
,11-26
,11-26
[图片],11-26
我去,11-26
重大事项未公告？,11-26
转发,11-26
狂野,11-26
支持,11-26
牛呀,11-26
扶上位,11-26
好基,11-26
转发,11-26
越跌越买！,11-21
饱满！,11-26
来了,11-26
,11-26
转发,11-26
冷清清,11-26
众捷汽车：连续4日融资净偿还累计1246.32万元（11-25）,11-26
融券赔光,11-25
,11-25
,11-25
周一跌停开盘吧,11-25
新股持股应该涨吧,11-25
转发,11-25
众捷汽车：连续3日融资净偿还累计1213.06万元（11-24）,11-25
回调有单,11-25
收藏,11-24
牛逼,11-24
按照缠论，月线看，第一阻力93，第二阻力135元,11-24
"新年前突破10牛奔,还是值得期待的!",11-24
积分太多用不出去呀？,11-24
转发,11-30
,11-28
又要成妖,11-30
高开红盘,11-29
客观的说，11元1毛成本的人永远不会解套。,11-29
坏人,11-29
社区概念连香飘飘都涨停了，明天看仲景的,11-29
转发,11-28
转发,11-29
转发,11-29
熊了,11-29
月阳？智能电网异动？输变电迎来超级利好？,11-29
干货,11-29
退市鲁发,11-28
好票,11-28
转发,11-28
修炼,11-28
转发,11-28
割广昌？,11-28
,11-28
一起拉升,11-28
,11-28
转发,11-28
,11-28
一群,11-28
一个多月前的减持公告又置上顶 看来要连续涨停了……,11-28
转发,11-28
干货,11-28
[图片],11-28
牛逼,11-28
转发,11-28
转发,11-28
拉尼娜寒冬来临，农产品食品等或中线走强。,11-28
资金净流入1127,11-28
明天低开后面不知道,11-28
转发,11-28
明天会大涨,11-28
,11-27
优秀,11-28
中京电子：融资净偿还831.2万元，融资余额2.45亿元（11-27）,11-28
转发,11-27
转发,11-27
转发,11-27
,11-27
转发,11-27
转发,11-26
典型庄股,11-27
研究所0.9122341724502494,11-27
,11-27
,11-27
严重高估,11-27
做梦,11-27
来了,11-27
学习,11-27
转发,11-27
垃基,11-27
转发,11-27
昨晚睡梦中,11-27
买就是的,11-27
转发,11-27
开跌,11-27
转发,11-27
真差,11-27
,11-27
重大事项未公告？,11-27
去申购券商类主题老基金！,11-27
踩雷了,11-27
重仓个股不如配置组合，1日涨停不如长期涨！A股6个板块或反弹！,11-27
不出意外，山推年内股价就是月份数,11-27
明天跌停,11-27
中京电子：融资净买入889.76万元，融资余额2.53亿元（11-26）,11-27
恶心,11-26
金融带动大盘跳水后的走势分析，及近期仍值得重点分析的4个机会,11-26
,11-26
转发,11-26
转发,11-26
转发,11-30
垃圾,11-29
转发,11-28
突发，闪存封测,11-28
12月至明年1月底，猪价不上35是不可能的，算算天邦12月至明年1月是全年出栏顶峰，12月冲刺利润4至5亿。,11-28
拉比西埃,11-28
天箭牛，看好明天,11-28
本来股价微幅回调，这些一鼓吹大涨，股价一路下滑,11-28
都是注册几天的号在唱？呵呵请继续,11-28
周一出掉,11-28
诈骗,11-28
转发,11-28
,11-28
大逃亡,11-28
[图片],11-27
金融带动大盘跳水后的走势分析，及近期仍值得重点分析的4个机会,11-27
*ST金泰：董事会秘书变更,11-27
加油啊,11-27
转发,11-27
烂尾,11-27
转发,11-27
跌了,11-27
转发,11-27
拉几,11-27
使劲,11-27
[图片],11-27
转发,11-27
1000元买进，为啥只有467份额？,11-26
转发,11-27
转发,11-26
王中王啊,11-26
转发,11-26
奋斗者,11-26
券商是要在板块中酝酿新领涨龙头吗？,11-26
,11-26
*ST金泰:董事会战略委员会议事规则(2025年11月),11-26
*ST金泰:对外投资管理制度(2025年11月),11-26
*ST金泰:对外信息报送和使用管理制度(2025年11月),11-26
*ST金泰:对外担保制度(2025年11月),11-26
*ST金泰:内幕信息知情人登记制度(2025年11月),11-26
*ST金泰:第八届董事会第六十五次(临时)会议决议公告,11-26
*ST金泰:公司章程(2025年11月),11-26
*ST金泰:信息披露暂缓与豁免事务管理制度(2025年11月),11-26
*ST金泰:董事会审计委员会议事规则(2025年11月),11-26
*ST金泰:董事、高级管理人员所持本公司股份及其变动管理办法(2025年11月),11-26
*ST金泰:印章管理制度(2025年11月),11-26
*ST金泰:独立董事工作制度(2025年11月),11-26
*ST金泰:董事会薪酬与考核委员会议事规则(2025年11月),11-26
*ST金泰:董事、高级管理人员离职管理制度(2025年11月),11-26
*ST金泰:董事会议事规则(2025年11月),11-26
*ST金泰:股东会议事规则(2025年11月),11-26
*ST金泰:投资者关系管理制度(2025年11月),11-26
*ST金泰:内部审计制度(2025年11月),11-26
*ST金泰:信息披露事务管理制度(2025年11月),11-26
*ST金泰:关联交易制度(2025年11月),11-26
*ST金泰:关于变更公司董事会秘书及聘任副总裁、证券事务代表的公告,11-26
*ST金泰:内部控制管理制度(2025年11月),11-26
*ST金泰:总裁工作细则(2025年11月),11-26
*ST金泰:独立董事专门会议工作制度(2025年11月),11-26
*ST金泰:董事会提名委员会议事规则(2025年11月),11-26
*ST金泰:关于变更注册资本并修订《公司章程》、修订及制定部分公司治理制度的公告,11-26
*ST金泰:子公司管理制度(2025年11月),11-26
*ST金泰:会计师事务所选聘制度(2025年11月),11-26
*ST金泰:第八届监事会第三十三次(临时)会议决议公告,11-26
正常来说应该有二个涨停，25元以上应该没问题,11-26
[图片],11-26
垃圾,11-26
转发,11-26
周一见,11-26
11元,11-26
坑晕,11-26
,11-26
转发,11-26
明天涨,11-26
转发,11-26
转发,11-26
转发,11-25
