author,comments,update,sentiment_score,analysis_think
日进斗金来,回购结束了吗？,10-31,3,评论询问回购状态，未明确表达情感倾向，但可能隐含对结果的担忧。
股海垂钓趋势投资,科技回落，消费起,10-31,3,科技板块下跌，消费板块上涨，整体情绪中性但偏悲观
n1652137528020204934,今天出一部分做个T？能否，老师们,10-31,3,评论语气不确定，未明确表达积极或消极情绪
股友7p2185359G,啥时分红呀,10-30,3,询问分红时间，未体现明显情绪
咬掉主力一块肉,跌停抄底,10-30,4,评论包含'跌停'（负面）和'抄底'（积极），整体表达市场抄底预期，偏向乐观
前璟光明,加一点油美的，冲上去80元，追一下工业妇女,10-30,4,评论中提到股价上涨预期，带有积极情绪，但不确定具体股票，整体偏乐观。
静待花开16688,业绩超预绩，明天大涨,10-29,5,评论明确表达业绩超预期和未来股价上涨，属于强烈乐观情绪
股友d36w292655,啥时候给分派分红,10-29,3,询问分红时间，隐含对未来的期待，但无明确正面或负面信息
三思再再行,今天美的还是赚了钱，因为上午加仓300股，反正周一75元卖了点，补一部分回来。,10-29,5,作者认为加仓后仍获利，整体持乐观态度
基民u9zX,大盘逆子,10-28,4,评论用'逆子'比喻股市异常，暗示市场表现不佳，属于负面情绪
KarmaM,老登真是死水一潭！2年了，撤了。哎，昨日黄花！,10-28,1,评论者对老登的业绩表示极度失望
交易员云起,一把直尺打天下/美的集团65-75之间大规模箱体，对应主升浪100附近；区间内，,10-28,3,评论描述股价区间震荡，无明显情绪倾向
美的集团资讯,美的“带不动”万东医疗,10-27,3,评论指出美的集团无法有效整合万东医疗，暗示合作失败，属于中性偏悲观
美的集团资讯,美的“带不动”万东医疗,10-27,2,评论指出美的集团无法带动万东医疗发展，暗示负面预期
美的集团资讯,美的“带不动”万东医疗,10-27,1,评论中使用'带不动'暗示美的无法有效带动万东医疗，属于负面评价
柔和的欧鸣凌,从长虹美菱的三季报来看，也许大家电尤其空调的三季度比预期的还难看……！长虹美菱的,10-26,2,评论指出空调业务业绩不及预期，体现负面情绪
阿但地,可怜的董明珠，牛皮再吹有什么用，外销163亿，190个国家地区，平均下来一个地方,10-26,1,评论批评董明珠言论，带有强烈负面情绪
恭喜发财东凡,回购完了吗,10-26,4,询问回购是否完成，暗示对市场预期的判断
美的集团资讯,韧性与新机：广交会透现“十四五”外贸增长密码,10-25,4,评论中提到'韧性'和'新机'，暗示积极前景，但需结合具体语境判断。
创维集团资讯,当科技遇上银发经济：企业加速布局适老化家电市场,10-25,4,评论强调银发经济和适老化家电的积极布局，整体情绪正面。
阿但地,第二期回购到昨天大概75亿多,10-25,4,回购金额较大，表明公司信心，属于积极信号
斜阳似火,昨天卖了一半，今天等你跌2个点接回来,10-24,2,评论中提到等待股价下跌，暗示悲观预期
A股20年的巴菲特,今天你不给力，前两天有点强度，今天又歇菜了,10-24,1,评论中使用'歇菜'表达强烈负面情绪
给生活添个叶,又来股运平衡器！,10-24,2,评论中带有重复和焦虑的负面情绪，暗示市场波动加剧
睿智英明的冉翼扬,又是T的一天,10-23,3,评论中提到'T'可能指股票代码，但未明确具体股票，整体情绪偏向负面，但缺乏明确信息，故中性评分。
拉高出货了,子弹全部上膛，今天敢跌就敢接,10-23,4,评论中带有积极预期，暗示市场情绪乐观
喵喵米娅,看谁跑的快,10-23,4,评论中'看谁跑的快'暗示积极竞争策略，可能带有乐观情绪
宏图成金de陆尓豪,高盛、贝莱德增持H股美的，同世界大佬一起共享资本红宴！,10-22,5,评论使用夸张措辞描述机构增持，整体情绪积极但可能隐含过度乐观
为提前养老持股,老是T反了,10-22,3,评论提及趋势频繁反转，暗示市场不确定性，可能带有悲观情绪
宏图成金de陆尓豪,H股现在是82.6元。A股与H股相差10%,10-22,3,评论未明确表达情感，仅提供价格差异信息
股友7d9a789183,恶心,10-21,1,评论表达强烈负面情绪，符合极度悲观的特征
菜鸟股人6122,不用慌，反正我不慌，准备长期持有，吃分红算了,10-21,4,评论表达对市场的信心和长期持有意愿，属于积极情绪
蓝蓝的白云天112,被20日线压得头都抬不起来。想加仓又跌不下去，彻底失去交易兴趣，目前看已沦为僵尸,10-21,1,股价下跌至20日线，投资者情绪极度悲观
股友bJI7sr,你为什么这么？！！！,10-20,3,评论中带有疑问和感叹，但缺乏明确负面情绪描述
JDHHDHDJ,美的,10-20,3,评论仅包含'美的'，无上下文信息，无法确定情感倾向
Qilin1,股价一年来停滞不前，让广大股东失望，这样的董事会该有几个人引咎辞职！,10-20,1,评论强烈批评股价停滞和董事会，情绪极悲观
大盘越涨我越慌,美的在欧洲收购了这么多公司，会不会被那帮出生搞了,10-19,2,评论中暗含对美的收购策略的质疑，暗示可能面临竞争压力，但未明确否定事实，情感倾向偏悲观。
股友7L21976y05,搞短线投机，按照17号的收盘价，买美的集团好还是买格力电器好？我倾向于买格力电器,10-19,3,评论未明确表达情绪，但倾向格力电器，可能隐含乐观，但无明显负面情绪
糖火烧,没有低估值高股息股的活跃，大盘上不了4000点的！科技股拥挤度过高了！,10-19,2,评论指出市场缺乏低估值高股息股，且大盘上不去4000点，整体情绪偏悲观
空自流,库卡会不会和安世半导体一样，有点担心。,10-18,2,评论中提到担忧，属于负面情绪
拉高出货了,下周科技反包，美的能有动作吗,10-18,4,评论提及科技反包，暗示市场预期向好，但未明确美的具体动作，整体偏乐观。
大有能源资讯,【一图看懂】A股本周调整，最强股票涨逾53%，长安汽车“吸金”超9亿元,10-18,5,评论强调单一股票强势上涨，整体市场调整但未提及负面因素，倾向乐观。
往与东方,6了,10-17,3,评论中'6了'可能指股价或指标达到6，但缺乏上下文，难以确定情感倾向
股友7d9a789183,今日高点73.5,10-17,3,评论仅提及股价高点，无明确情绪判断
往与东方,不是哥们儿，拉个怎么拨动这么大的,10-17,3,评论中带有责怪语气，但未明确表达强烈情绪
有情孔方兄,垃圾美的,10-16,1,评论中包含负面词汇，暗示产品或公司质量差，属于极度悲观情绪
老实打工,大概是因为这两天涨的太多了吧,10-16,3,评论中提到'涨的太多'，可能隐含对市场过度上涨的担忧，但未明确表达强烈情绪。
股友7d9a789183,收盘绿一个点左右,10-16,3,收盘绿一个点左右，小幅下跌，属于中性偏悲观
阿里巴巴-W资讯,网络强国：从并跑到领跑,10-15,4,评论强调从并跑到领跑的积极进展
阿里巴巴-W资讯,网络强国：从并跑到领跑,10-15,5,评论强调从并跑到领跑的积极进展，体现技术优势，属于极度乐观。
阿里巴巴-W资讯,网络强国：从并跑到领跑,10-15,5,评论强调中国在科技领域的进步，从并跑到领跑，体现积极发展态势
京城吴彦祖zu,72.3的成本，多少钱卖合适呢,10-14,3,询问价格建议，未表达明确情绪
深情的陆璐洪,一路补仓，73.5的本，明天再涨一天,10-14,5,投资者持续补仓，预期股价继续上涨，表达积极情绪
股友805100D5R1,消费龙头，从来没有涨停过我也不说了……好歹趋势要走起来吧？,10-14,4,评论表达对长期未涨停的失望，但仍有趋势走强的希望，整体偏中性乐观。
多财富贵的花满楼,慌什么，美的又不是今天才跌，它是天天跌的，没什么大惊小怪的,10-13,3,评论指出股票下跌是常态，未表达强烈情绪
哪怕vc,你看看格力，你在干什么,10-13,3,评论未明确表达对格力的评价，缺乏具体信息，难以判断情感倾向。
坐顺风车捡漏,深圳离香港近，指数就放飞了。上证还有人拉一下,10-13,4,评论中提到市场有潜力，但存在阻力，整体偏乐观。
飞龙在天财源滚滚,牛市你都没涨,10-12,2,评论表达对牛市未涨的失望，属于普通悲观情绪
哎呦喂1314,看看自主多么重要，跟外国人搞收购，随时被人掐脖子！库卡收购，结果技术和机密完全被,10-12,3,评论包含负面词汇但强调自主重要性，情感倾向中性
枫林听雨雨雨,下周靠你扛大旗了,10-12,4,评论中含'扛大旗'隐含积极期待，但未明确表达正面或负面情绪
热情似火的华琦,周一瑟瑟发抖了，躲过了4月7，这下满仓撞上了,10-11,1,评论使用'瑟瑟发抖'和'满仓撞上'等强烈负面词汇，反映极度悲观情绪
哎呦喂1314,周一只怕要8个点以上。,10-11,4,评论表达对市场下跌的强烈担忧，属于悲观情绪
基民6V098375Z9,75.78进场的，直接当时打了半仓，周一有必要满仓美的降成本么,10-11,3,评论中未明确表达积极或消极情绪，但涉及操作策略，属中性
美的集团资讯,美的集团:关于以集中竞价交易方式回购A股股份进展情况的公告,10-10,4,公司回购股份属于积极信号，通常视为乐观预期
luckWill,美的集团持有长鑫存储的股权。,10-10,3,评论仅陈述事实，无情感倾向
胜宏科技资讯,融资余额再创新高！融资客扫货名单曝光，科技龙头股年内涨超5倍,10-10,5,融资余额创新高，资金扫货名单曝光，科技龙头股暴涨，整体积极信号
美的集团资讯,美的集团：融资余额60.19亿元，创历史新高（09-30）,10-09,5,融资余额创历史新高，表明市场信心，属于积极信号
股友z02133a378,跌不少了，该涨了,10-09,2,评论包含下跌和上涨的矛盾表述，整体情绪偏向悲观
拉高出货了,走势和中国平安一模一样,10-09,4,评论未体现负面情绪，但提及中国平安走势，可能暗示市场趋势，属中性或乐观
严谨的梅隆苏,就出是劣质产品,10-08,1,评论明确表达对产品质量的负面评价
股友ziqLEK,别吹了，明天破60周均线，该跑了,10-08,3,评论中包含警告和积极预期，情绪混合但偏向谨慎
哈哈333444,铜价大涨，美的毛利可能下滑，根据2021年一季度毛利率23.00%，同比下降2.,10-08,2,铜价上涨导致毛利下滑，引用历史数据说明当前情况恶化，体现悲观预期。
n962513624647338,下跌是因为明年国补停止，市场预期业绩下滑，提前出局吗,10-07,2,评论指出下跌原因及负面预期，反映悲观情绪
股友z02133a378,美的一直保持沉默,10-07,2,评论中提到'保持沉默'，暗示可能有负面信号，但缺乏具体信息，判断为悲观。
超级玛丽冒险岛,有啥情况吗，港股跌2个多点,10-07,4,评论中包含疑问和股价下跌的表述，但缺乏具体原因，属于中性偏悲观
汤姆猫来站岗,今天下单买了三个空调虽然我没仓位,10-06,3,用户提到买入但未执行交易，可能隐含犹豫或未行动，情感中性。
潇洒不羁的公孙涛,港股跌了2个多点,10-06,3,港股下跌2个多点，属于市场波动，但未提及具体原因，情感倾向中性
亏亏来了,美的重回巅峰,10-06,5,评论表达积极情绪，'重回巅峰'明确为正面表述
青云栈道,两年前的小作文,10-05,3,评论内容缺乏具体信息，无法判断情感倾向
拉高出货了,$美的集团(SZ000333)$,10-05,3,评论内容缺失，无法判断情感倾向
股友z02133a378,短期走弱，长期翻倍。就看你熬得住熬不住。,10-05,3,评论中性陈述短期波动与长期潜力，未明确表达积极或消极情绪。
股友186v06920Y,八万股坚守还是换成中期派7元小方制药呀？2.5亿人带来福音,10-04,3,评论中存在犹豫和对比，既有坚守也有换股，整体情绪中性。
韭菜史珍香,今夜彻夜未眠，深度研读了美的集团半年报，第二季度净利润增速环比暴跌120%，下滑,10-04,4,评论表达强烈负面情绪，但主要信息为业绩下滑
股友ziqLEK,消费仍弱，消费股也弱，美的短期机会不大，倒是经常领跌，似是被控不能涨只许跌,10-04,3,评论指出消费股弱势且美的短期无机会，整体负面情绪明显
退休的程序猿,一群人既想短期获利，又要买入美的，涨一个点立马大吹要上100，跌一个点随即破口大,10-03,3,评论中既有乐观也有悲观情绪，整体偏中性
美的集团资讯,家电龙头加码泰国投资布局，中国与东盟已形成产业链协作,10-03,5,家电龙头布局泰国投资，体现积极战略，符合乐观预期
贪婪与敬畏,建议美的收购荣耀造手机，低价卖才行，不然家电迟早被小米赶超,10-03,3,评论指出美的收购荣耀手机需低价，否则被小米超越，反映对当前策略的担忧，但未明确表达强烈乐观或悲观。
大明铁粉除螨能手钟汉洁,美的我不会走的，放着吃股息，其他活络资金去炒热门股,10-02,4,评论中包含积极元素但隐含市场情绪变化
拉高出货了,我发现纳斯达克跌了美的才会涨，后悔卖了纳指在74加仓美的了,10-02,1,评论中表达对之前决策的后悔，体现极度悲观情绪
随风飘扬哥,周线四连阴RI的,10-02,1,周线四连阴表明市场情绪低迷，属于极度悲观
牛市不断,高尔夫球童能分到老何多少身家,10-01,3,评论提及高尔夫球童收入问题，可能隐含对收入分配的质疑，但未明确负面情绪
股友639966R33d,美的集团A股，十月底等三季报出来前后上75-76元，这玩意大行情是没有的，小赚小,10-01,2,评论者对当前行情表示失望，但未完全否定股票价值，属于悲观情绪
大明铁粉除螨能手钟汉洁,无心过节，想看明天港股美的怎么样,10-01,3,评论中无明显情绪倾向，但包含观望期待
劳动人民最光荣,节日快乐,09-30,3,评论无股市相关表述，但包含祝福性语句，属于中性情感
激动牢头,我72.9元下面买2000股,09-30,3,用户陈述购买行为，未明确表达情绪，但价格可能影响隐含态度
顺势王A,全是大阴线,09-30,5,评论描述市场下跌趋势，符合极度悲观的特征
做空美的,为了顾及股民情绪，避免美的股民做出一些不理智伤害自己伤害他人的行为，美的被迫拉升,09-29,3,评论提及公司被迫拉升，但未明确表达正面或负面情绪，可能中性。
股友3Y915C0532,这两年板块在轮动，美的一直不动！,09-29,2,评论指出美的板块长期不轮动，暗示其表现不佳，带有负面情绪。
拉高出货了,终于不是只拉科技了，权重股终于被想起来了,09-29,4,评论表达市场多元化趋势，积极看待权重股纳入关注，属于乐观情绪
大眼看两融,美的集团本周融资净买入4.82亿元，两市排名第18,09-28,4,融资净买入和排名靠前表明市场积极，无负面信息
不要点赞欢迎评论,多投：业绩大增被低估且高股息。空投：业绩是国补拉动的且家电行业到顶增长无法维持,09-28,4,评论包含积极与消极因素，但整体倾向中性
天天赚钱等买房,其他行业都在反内卷，美的作为家用电器老大，应该联合其他家电企业反内卷。,09-28,4,评论强调企业合作应对内卷，暗示积极态度
多财发财地扫地僧,啥时候分红到账,09-27,3,询问分红到账时间，无明显情绪倾向
格力电器资讯,鸿蒙空调、小米空调来袭 空调业变化几何？,09-27,3,评论提及行业变革，但未明确情绪倾向，需结合上下文判断
股友8596R051W3,坐稳扶好准备起飞了,09-27,4,比喻表达积极市场预期，暗示机会来临
美的集团资讯,美的集团:关于回购公司A股股份比例达到1%暨回购进展的公告,09-26,4,回购比例达到1%表明公司积极回购，属于积极信号，但需结合其他因素判断
玉树临风的猫哥,浪迪还有救吗,09-26,4,评论中包含疑问句，暗示对'浪迪'的未来持希望，但缺乏明确积极信号，可能偏向乐观。
乐呵呵wang,接连跌二天骂声一片，涨了一天看多声一片，,09-26,1,连续下跌引发强烈负面情绪，上涨时短暂乐观，整体偏悲观
有远见的章语5,说好的美的+华为呢,09-25,3,评论含糊，未明确情感倾向，但涉及企业合作可能隐含预期未达
股友股民股神股东,垃圾，垃圾，今年亏得最多的就是这垃圾,09-25,1,重复使用'垃圾'并强调亏损，明显负面情绪
股友1U590G0505,卖了走人了已经成垃圾股了。留下的发财,09-25,1,评论使用负面词汇表达对垃圾股的否定
股友z02133a378,这厮用人朝前，不用人朝后。一开会就红，开完会就砸。小心为好。,09-24,3,评论批评管理问题，但未明确情绪倾向
凡事慢几拍,不到50不买？,09-24,3,评论中包含条件性建议，未明确表达积极或消极情绪，但隐含价格低估的预期。
股友W6g7557956,那么多第一成长龙头概念，有可能象前段时间的“工业富联”吗？,09-24,2,评论中隐含对市场未来的担忧，质疑龙头股是否能持续，属于悲观情绪。
喜马拉雅雪崩,感谢我吧。今天我在美的最低点附近割肉了，然后美的就涨了。,09-23,4,评论中包含感激和股价上涨的积极信息，但未明确表达负面情绪。
闲云野鹤wws,小散跑步抢筹码。,09-23,4,散户抢筹码行为反映市场活跃，可能为积极信号
随意赚点就跑EEee,今天不骂你了阿美，很避险,09-23,3,评论中包含矛盾情绪，'不骂'可能负面，'避险'可能正面，整体中性。
气宇不凡的儒风2,利好出货，但是这个盘好像也赚不了什么钱啊不懂主力这个是什么操作,09-22,3,评论中既有利好提及，但结果不理想，整体情绪偏悲观
乖乖股份,把省子砸跑,09-22,4,评论中带有强烈负面情绪，暗示损失或失败，属于悲观情感。
拉高出货了,又套住一批，挂山顶了,09-22,2,评论中包含负面词汇'套住'和'挂山顶'，暗示股价高位风险，情绪偏向悲观
资本创造美好6699,什么时候涨停的！第二天又涨4%？怎么学格力卡扎菲奶，满嘴跑火车，自吹自擂,09-21,2,评论中包含积极和负面情绪，但负面部分更强烈
股友27h7387H39,明天炸了，美的集团携手华为！,09-21,1,评论中使用'炸了'表达强烈负面情绪，结合公司合作可能引发市场担忧
天天画图258,你就说你到底跟哪个吧,09-21,3,评论带有挑衅性，但未明确表达情绪，属中性
激动牢头,小米共卖出30万辆车，招回10多万辆，和美的不是一个档次，米粉滚远点,09-20,3,评论中既有积极数据，但批评部分影响整体情绪
TCL科技资讯,中期分红超160亿元！广东辖区74家上市公司“派红包”,09-20,5,评论强调分红金额和上市公司数量，体现市场积极情绪
活力的吴雪梅,工业自动化了。降本增效那么明显，直接开始卷级别，海尔格力不得被搞死吗？,09-20,2,评论中透露出对行业前景的担忧，暗示竞争加剧导致传统企业面临压力。
美的集团资讯,去年分红回购超千亿，上市粤企年内重大资产重组规模超四百亿,09-19,5,分红回购和资产重组均为积极信号，体现公司业绩和战略发展，整体乐观。
乐呵呵wang,回购到16日基本己完成,09-19,5,回购完成表明公司积极行动，提升信心，属极度乐观
阿宝风声水起,创新高是大概率的，俺抄山行的作业的,09-19,4,评论包含积极预期但带有调侃语气
股友X883178o66,有明白的解释一下，这股是咋回事了？,09-18,3,评论缺乏具体股票信息，无法判断情感倾向
勇攀高峰m,今天都不出来护盘吗？要你何用？,09-18,1,评论表达对市场缺乏护盘的失望，属于极度悲观
美的被套五百年,上证指数高位冲高回落放大量，到头了,09-18,1,评论中明确提到'到头了'，体现极度悲观情绪
飞龙在天财源滚滚,天天回购天天跌,09-17,2,矛盾表述反映市场悲观预期
价值投资追随者,这美的天天回购，股价还是那个样子，可想如果不回购，股价会不会跌成狗？,09-17,3,评论提及回购行为，但担忧未来股价，整体偏中性
涛声依旧lgy,今天追高2000元，明天还会涨吗？不会高位站岗吧。,09-17,1,评论表达对高位追高后的悲观预期
一元投资股票,站,09-16,3,评论'站'缺乏上下文，无法判断情感倾向
lo200910,总有贪婪的人不信邪呵呵，出来的快来看风景。我从9月1好开始就让大家出来，不知道有,09-16,4,评论中既有批评贪婪的语气，又有鼓励行动的暗示，整体情绪偏中性但带积极倾向。
金龙鱼资讯,上市公司期货套期保值已从价格风险管理转向全面市值管理,09-16,4,评论提及公司策略转向市值管理，可能暗示积极调整，但未明确负面评价。
最爱韭菜馅饺子,不可能涨：老赛道+太多韭菜等抬轿，必须调整6个月，60-66见,09-15,5,评论明确表达对股价无法上涨的悲观预期
舒缓的席南,美联储降息对于白色家电板块也是偏利空的。白电板块出口占比都挺高的,09-13,4,美联储降息对白电板块不利，出口依赖性强，整体偏悲观
股票不涨心里就痒,美的的走势反映了股民资金的动向。,09-13,3,评论未直接表达情绪，但涉及市场资金动向，属中性
牛牛乃个牛牛,原先我是一个忠实的美的拥趸，家里三套房子都是买的美的生产的东西，空调都买了十多台,09-13,4,用户明确表达对美的的忠诚支持，无负面信息，但未提及市场或公司具体表现，可能偏向乐观。
股友M215786Z10,得亏早上高点抛了，准备做个T，一看一直跌，就没加仓，哈哈，下周1再来个低开，回踩,09-12,3,评论中包含对下跌的无奈和对下周反弹的期待，整体情绪中性但带轻微悲观。
赚钱老板,这是什么鬼东西,09-12,1,用户使用强烈负面词汇表达失望，属于极度悲观
最爱韭菜馅饺子,为什么美丽的没法涨？老赛道+韭菜扎堆等抬轿。6个月不可以涨，下到60-66区间,09-11,5,评论明确表达对股价上涨的失望和悲观预期
乐呵呵wang,大盘大涨美的狠心一分也不涨，没事干只能天天T,09-11,2,评论表达对美的集团未跟涨的不满，情绪为悲观
胜宏科技资讯,多项指标表现抢眼 广东上市公司业绩稳步增长,09-11,5,评论提到积极指标和业绩增长，整体偏乐观
闲云野鹤wws,可能是中短期高位整理期了。可需要高换手,09-10,3,评论提及高位整理和高换手，但未明确情绪倾向，需结合市场信号判断。
lo200910,这走势还有人敢追吗？,09-10,1,质疑市场走势是否值得追涨，暗示悲观情绪
lo200910,黄金珠宝发力了？,09-09,4,评论中使用'发力'暗示积极表现，但需结合市场背景判断
lo200910,很多板块资金全是流出，这才是最可怕的,09-09,1,评论指出资金大规模流出，且用'最可怕'强调负面，属于极端悲观情绪
美的集团资讯,全球2200家采购商组团来广州扫货！广东优品展下周开幕,09-05,3,采购商聚集和展会开幕暗示市场活跃，但无具体公司信息，情感倾向中性
美的集团资讯,美的集团:关于召开2025年第二次临时股东会的通知,09-05,3,公司公告股东会通知，无直接市场情绪表达
中国移动资讯,指数“吸金” 中期分红加码 红利资产长期配置价值凸显,09-05,4,评论中包含积极词汇如'加码'和'价值凸显'，但'吸金'可能隐含负面，整体倾向乐观。
lo200910,呵呵，前两天那些拼命唱多的还好吗？，抄底还早，岸上看风景吧！,09-04,3,评论中既有质疑也有调侃，整体情绪中性
美的集团资讯,智能+多元+出海 家电产业走出增长“新曲线”,09-04,4,评论包含积极词汇如'增长'和'新曲线'，暗示前景良好
闲云野鹤wws,挺不过两融盘的抛压，盘整三天，下周一见低点,09-03,1,评论指出市场压力大，预期股价下跌，属于极度悲观
美的集团资讯,大超预期，持续变革创新,09-03,4,评论包含积极词汇，但未提及负面因素，属于中性偏乐观
潘靖娴,家电属于滞涨的，拿住了，只买不能卖,09-02,2,评论指出家电滞涨，建议只买不卖，反映市场悲观情绪
美的集团资讯,2025上半年业绩稳健增长，经营韧性凸显，维持买入,09-02,5,评论使用积极词汇并包含投资建议，表达强烈乐观情绪
笑看江潮生,让回调来的猛烈些,09-01,2,评论暗示市场可能进一步下跌，带有悲观情绪
股友VmUv7y,格力让小米给打下来了。你可把我们坑苦了,09-01,1,评论中带有强烈负面情绪，表达对格力胜利的不满
耐心的白全,这么吗,09-01,3,评论缺乏明确情感表达，无法判断倾向
股友75YMu2,$美的集团(SZ000333)$,08-30,3,评论仅提供股票名称，无具体情感信息
美的集团资讯,美的集团:2025年半年度报告,08-29,3,评论未提供具体数据或趋势描述，无法判断情感倾向
基金资讯,国泰中证全指家用电器交易型开放式指数证券投资基金2025年中期报告,08-29,3,评论未提及具体数据或负面信息，无法判断情感倾向
鲁B888888,全让格力带沟里去了,08-29,1,评论中带有强烈贬义，暗示格力被市场冷落，可能属于极度悲观
不开心的韶华,又要来一次4.24,08-27,3,评论提及4.24日期，未明确情感倾向，需结合市场预期判断
股友95z72m6331,比不过板块,08-20,4,评论未明确板块信息，但'比不过板块'暗示股票表现弱于整体市场，可能属于普通悲观
旦旦梦里,如果牛市来了，美的是要放弃的！这种优质的蓝筹会远跑输指数。昨天晚上就辗转难眠，今,08-18,1,评论明确表达对美的悲观预期
股友VmUv7y,版块都创新高了。美的空调格力空调白电为什么不涨,08-18,2,评论指出个股未跟涨板块涨幅，反映市场分歧但未达极端悲观
股友QskBzS,在国家新政策的引导下，，，，为了百姓的钱在这家电行业将再次有望爆发。，，，行业有,08-18,4,积极政策预期推动行业爆发，整体乐观
王大love,要不前三都换了吧,08-15,2,评论中带有否定语气，暗示对当前选择的不满，但未明确表达极端悲观
股友VmUv7y,美菱这股太烂了。坑了多少股民,08-15,1,评论使用强烈负面词汇表达极度悲观
编号391015,家电行业国产已经很成熟了，外国品牌基本都打的就剩下渣渣了,08-13,4,评论中强调国产家电优势，但隐含对外国品牌贬低，整体偏积极但带有批评意味。
四面八方来财三,消费带来了家电板块应该会更张一波,08-12,5,评论指出消费带动家电板块上涨，预期积极，属于极度乐观。
淘金绩优,中美关税延期90天，利好家电出口,08-12,4,关税延期利好家电出口，属于积极信号
hrblzljy,5年来，资金月线指标全部是净流出的，没有一个月是哪怕有一点的流入！,08-11,1,连续五年净流出，无任何流入，明显负面情绪
hrblzljy,一年半以来，家电行业指数从11600多点涨到了目前的24000多点，已经翻翻了。,08-11,5,指数大幅上涨，表明市场乐观
股友VmUv7y,谁买长虹家族的股票到美,08-06,3,评论中未明确表达积极或消极情感，但提及'买'可能暗示投资行为，'到美'可能涉及风险，整体中性。
huangzq2299,截至2025年7月22日，中国家电行业的滚动市盈率平均值为23.06倍。长虹华意,08-05,3,市盈率高可能反映市场预期，但无明确负面信息，属中性
股友VmUv7y,家店版块最拉机的公司。美菱,08-04,5,评论使用'最拉机'表达积极评价，指向美菱公司，整体情绪乐观。
宁宁梦,国补690亿，下半年优惠券题材,08-04,4,国补政策利好，但优惠券题材存在市场风险，需综合判断
股友VmUv7y,死股就是一个字。卖,08-04,1,评论明确表达对股票的极度悲观态度
万豪4375,天天拉高出货,08-03,3,parse_failed
股友VmUv7y,现在的股票业绩差的涨的比业绩好的还好。像海信今天差点跌停。股市骗局,07-31,1,评论指出市场分化严重，业绩差的股票逆势上涨，且提到海信跌停，反映投资者对市场混乱的担忧。
股友VmUv7y,这么热的天白电版块为什么这样天天跌。无语,07-29,2,评论中表达对白电板块下跌的不满，但情绪较弱，属于普通悲观。
手上有股心上无股,$家电行业(BK0456)$,07-28,3,评论仅提及行业无具体负面信息，可能属中性
转运号,前排这几个真拉稀,07-24,1,评论中使用'拉稀'形容股价暴跌，明显带有强烈负面情绪
得鹿梦鱼1994,$家电行业(BK0456)$,07-23,3,评论仅提及行业无具体负面信息，可能属中性
你吃肉肉我喝汤,白家电只选了你，好好表现,07-22,4,评论中带有鼓励但暗含竞争意味，整体情绪偏积极
小伍炒股全靠蒙,家电消费即将进入高爆发周期，拭目以待,07-22,4,评论提到家电消费进入高爆发周期，暗示积极预期
编号391015,家电行业已经悄悄的破历史高位了，,07-18,4,家电行业突破历史高位，反映市场认可，属于积极信号
基金资讯,国泰中证全指家用电器交易型开放式指数证券投资基金2025年第2季度报告,07-18,3,评论未提及具体数据或市场表现，无法判断情感倾向
中创智领资讯,首份红利基金“颠覆式”调仓：清仓银行股 从传统红利转向市场化红利,07-16,4,评论提及策略调整，但未提及市场反应或风险，需结合上下文判断。
买菜君与奇妙菜场,又给我装到了...装大发了...,07-14,3,评论中带有贬义词汇，表达对产品或公司的不满，但未达到极端悲观程度。
立讯精密资讯,产业拓链跨境并购 上市公司描画出海新图谱,07-11,4,评论提及跨境并购和出海战略，整体偏向积极但未明确负面情绪
贵州茅台资讯,专项贷款激活千亿级资金 上半年超千家A股公司实施回购,07-11,4,专项贷款和回购表明市场积极，符合乐观情绪
今天你被量化了吗,政府补贴已经进入倒计时，多个省份已经限制领取，实际上是停发了，18000点见吧,07-10,1,评论指出政府补贴停发，市场预期下跌，属于强烈悲观情绪
上海电气资讯,“924”以来最高收盘价！沪指剑指3500点 半数板块同期修复 这些权重领跑市场,07-08,5,评论强调股价上涨和市场回暖，整体积极
股友VmUv7y,天这么热为什么格力。美底。海尔股票不涨那,07-08,3,评论中提到天气炎热导致股价不涨，但未明确表达情绪，可能隐含负面情绪。
宁德时代资讯,“二季报”出炉！北向资金加仓548亿元 这些股净买入居前,07-08,4,北向资金加仓表明市场看好，评论无负面信息，属于积极信号。
王大love,家电三傻是来搞笑的,07-07,3,评论使用'搞笑'贬低产品，但未达极度悲观，属中性负面
沉着冷静的华舒茜,大盘起来了，外面都是地天，你们赶紧卖了东贝去买啊哈哈哈,07-04,4,评论中包含市场上涨信号和建议卖出，但语气带有调侃，整体偏乐观。
沉着冷静的华舒茜,外面任何一个股你们买了都是至少5个点，非要买东贝亏钱，大声告诉我你们是不是杀毕还,07-04,1,评论强烈批评东贝股票，表达极度悲观情绪
只买集合竞价,都热死人了空调还不涨吗？,07-03,1,用户用'热死人了'表达强烈不满，可能针对空调价格或天气，但未明确股票信息，需结合常见情况判断。
沉着冷静的华舒茜,今天上午把这两天进来的杀毕散户最后一洗，下午百分百涨停，不是涨停我包赔，每人五千,07-03,4,评论提及涨停预期但强调包赔，可能包含乐观情绪
股友VmUv7y,千万不要买长虹美菱的股票太坑人,06-30,1,评论中明确警告不要购买，带有强烈负面情绪
股友VmUv7y,千万不要买长虹家族的股票。太坑人了,06-26,1,评论明确反对购买长虹家族股票，表达极度不满
万豪4375,家电板块坐火箭发射！大反攻来了！,06-25,5,评论使用积极词汇描述家电板块上涨，暗示市场乐观，符合极度乐观评分标准。
万豪4375,板块上午磨叽磨叽。下午涨停潮,06-25,4,上午低迷，下午涨停，整体偏乐观
万豪4375,高歌猛进,06-25,4,评论使用'高歌猛进'形容股市表现，属于积极词汇，但可能隐含过度乐观。
A股别进管住手042,明天如果回不本就算了，割了,06-23,1,极度悲观，止损，1分
A股别进管住手042,周一加仓,06-21,4,加仓通常反映积极预期，但无负面信息，属中性或乐观
宏海聊ETF,目前家电ETF都已经跌到日线级别支撑位，而且走势独立性强，可以适当买一些，涨跌都,06-17,4,评论提到支撑位且建议买入，但下跌可能伴随风险，整体偏乐观但存在不确定性。
A股波段大师,我一个礼拜前说1.297可以建仓，帖子还在楼下。。然后你们看近期最低点在哪里。。,06-17,3,用户询问市场最低点，可能隐含对市场走势的担忧，但未直接表达负面情绪
万豪4375,6月23日起，美国对进口洗衣机，冰箱，彩电家电加百分之五十关税。,06-14,2,评论提及关税影响，可能对相关股票产生负面影响，但未明确指具体股票，情感倾向偏向悲观。
舒缓的席南,大利空。家电板块也在高位。主要指数又到3400了。有回调需求,06-13,2,评论中提到'大利空'和'回调需求'，表明市场情绪偏向悲观
股友T0d7331183,央视记者当地时间6月12日获悉，美国商务部宣布将自6月23日起对多种钢制家用电器,06-13,3,评论提及美国对华钢制家电加征关税，可能影响相关行业，但未指明具体公司，情感倾向中性。
股友WfnW8H,电热属于家电概念，没有生产冰箱，洗衣机，空调这样的概念，也就是生的。涨的时候,06-12,2,评论指出公司缺乏核心产品，仅靠涨时表现，暗示前景不佳。
申公豹2018,多家车企承诺支付账期不超60天，包括比亚迪、一汽、东风等，响应国家保障产业链稳定,06-11,3,评论提及车企账期政策，但未直接关联股票市场情绪，属中性陈述。
简单与海,拾比佰,06-09,3,评论内容仅包含公司名，缺乏具体信息，无法判断情感倾向
杰之冠,定投，每个月1手,06-04,3,定投策略无明显情绪倾向，中性描述
正在离场的小韭菜,尾盘为何这么大成交量啊，神秘资金？？,06-03,4,评论提及成交量和神秘资金，暗示市场活跃，但未明确表达立场
A股波段大师,1.297预备建仓1成,06-03,4,评论提及建仓计划，表明积极市场预期
转运号,带头大哥们都还好吗,06-03,3,评论询问状态，无明确情绪倾向
遮风挡雨,什么情况，集合竞价绿8个点,05-15,4,评论中提到价格上涨，但未明确表达情感，需结合上下文判断
A股别进管住手042,啊？怎么了，它犯天条了？,05-15,1,评论中使用'天条'暗示股价暴跌，情绪强烈且负面
有为而治大阳线,错杀会补涨吗，这位德力股份(SZ002571)早盘竞价主力偷袭吃货，地板上吸筹，,05-13,4,评论提及市场动作可能暗示补涨机会，整体偏积极
有为而治大阳线,怎么样你看抄底，德力股份(SZ002571)博弈地天板，早盘竞价主力偷袭吃货，地,05-12,3,评论包含积极词汇如'抄底'，但提及'偷袭'可能暗示风险，整体情绪中性。
